;p_val;avg_logFC;clus6.mean;clus2.mean
Tyrobp;3.79E-016;1.29662551;2.706648828;1.410023319
Vim;0.00000000000236336;0.999712734;1.220216805;0.220504071
Lsp1;0.0000000000737964;0.942152273;1.748258662;0.806106389
Cst3;0.000000000273599;1.163049213;2.391204314;1.228155101
Lgals1;0.00000000122689;1.068950749;2.157893513;1.088942764
Id2;0.00000000314816;0.979712633;1.487034466;0.507321833
Dntt;0.00000000373092;-0.520719931;0.047728549;0.56844848
Fcer1g;0.00000000509695;0.96108688;1.564169443;0.603082564
Myb;0.00000000594221;-0.748419679;0.499949375;1.248369054
Cdk6;0.00000000657082;-0.869138449;0.736208917;1.605347366
H2afy;0.0000000310789;-0.592926324;2.412611406;3.00553773
Plac8;0.0000000446897;-0.62007769;3.147327731;3.767405421
Hsp90ab1;0.0000000502817;-0.464277199;2.73790053;3.202177729
Sox4;0.0000000689013;-0.744451899;0.649842793;1.394294692
S100a10;0.000000133706;0.769773195;1.692517394;0.922744199
2810417H13Rik;0.000000187238;0.879054001;1.121013629;0.241959627
Calm1;0.0000002187;0.686796679;1.702135316;1.015338636
Ms4a6c;0.000000274748;0.718877165;1.061254345;0.34237718
Cyba;0.000000294106;0.705825001;1.456807172;0.750982171
Tmsb4x;0.000000351404;0.425475006;3.963834504;3.538359497
Pld4;0.000000430772;0.456910735;0.456910735;0
Cd48;0.00000145546;0.584846856;0.843582501;0.258735645
Slfn2;0.00000168692;0.503061016;0.556906334;0.053845318
S100a6;0.00000261453;0.572456398;0.626728989;0.05427259
Cd7;0.00000345992;0.608522096;0.701656457;0.093134361
Adgrg1;0.00000355869;-0.369653471;0.12093832;0.490591791
Rac2;0.000003579;0.52041304;1.97703663;1.456623589
Cd74;0.00000372235;0.869357312;0.933830386;0.064473075
Sh3bgrl3;0.00000412899;0.373749976;2.750007976;2.376257999
Ccr2;0.00000471889;0.429654981;0.460993223;0.031338241
Rpl12;0.00000486337;-0.307246863;2.965766472;3.273013335
Hist1h1b;0.00000540978;0.504071618;0.542884373;0.038812755
Cldnd1;0.0000057881;0.561055353;0.836414089;0.275358736
Ctsz;0.00000620662;0.542486754;0.829539451;0.287052697
Psap;0.00000667474;0.71741849;1.541415997;0.823997506
Batf3;0.0000068277;0.421760373;0.421760373;0
Hmgb2;0.00000770494;0.801000766;1.993713704;1.192712938
Arpc1b;0.00000844218;0.51102218;2.280412653;1.769390473
Itga4;0.000010577;-0.669298156;0.895075342;1.564373498
Top2a;0.0000107134;0.639562425;0.924670413;0.285107988
H2-Aa;0.0000110633;0.523252982;0.523252982;0
Ly6e;0.0000122985;0.49368244;2.498454532;2.004772093
Pim1;0.0000145672;-0.644730611;0.858651495;1.503382106
Mki67;0.0000147452;0.421720716;0.506341166;0.08462045
Cfp;0.0000148433;0.398216375;0.464339755;0.06612338
Rps2;0.000017246;-0.286149257;3.364949664;3.651098921
Lgals3;0.0000178237;0.467151251;0.467151251;0
Nrp1;0.0000178237;0.326357795;0.326357795;0
Tmsb10;0.0000188649;0.356377186;3.659657483;3.303280297
Akap13;0.0000192381;-0.533344334;0.613179966;1.1465243
Ms4a4c;0.0000206951;0.442127125;0.51959371;0.077466585
Ptprcap;0.0000208095;-0.564199272;0.923521643;1.487720915
Kctd14;0.0000225756;0.320350757;0.320350757;0
Hist1h2al;0.0000355147;0.408610208;0.459835006;0.051224798
Myl10;0.0000426151;-0.322436336;0.064264385;0.386700721
Cd34;0.0000591171;-0.434781735;0.330446705;0.76522844
Birc5;0.0000611218;0.440233763;0.603268055;0.163034292
Tk1;0.0000662024;0.281070734;0.306862604;0.025791871
Desi2;0.0000664685;-0.348443923;0.157824494;0.506268417
Arpc5;0.0000695648;0.529533127;1.138393016;0.608859889
Unc93b1;0.0000737633;0.439064976;0.688770724;0.249705748
Coro1a;0.0000804014;0.413711431;2.145601081;1.73188965
Rasgrp2;0.0000849029;-0.46274251;0.516203971;0.978946481
Aif1;0.0000971466;0.348585257;0.367948903;0.019363646
S100a11;0.000102304;0.527750015;1.491255182;0.963505167
Selplg;0.000106721;0.503734471;1.394944085;0.891209614
Mif;0.000111122;-0.542947071;1.089110632;1.632057703
Ifi30;0.000113694;0.274142724;0.274142724;0
Stx7;0.000119471;0.374952104;0.561838955;0.186886851
Tfdp2;0.000126516;-0.279106017;0.122172235;0.401278252
Gm2a;0.000132634;0.387822893;0.588484322;0.200661429
Tpm4;0.000165595;0.418692916;0.655895524;0.237202608
H2-Eb1;0.000178373;0.340966169;0.340966169;0
Map2k1;0.000178373;0.229365993;0.229365993;0
Grn;0.000179726;0.331276815;0.493460542;0.162183726
S100a4;0.000195923;0.46272505;0.602815944;0.140090894
Rnase6;0.000200087;0.398716181;0.563132746;0.164416566
Mta3;0.000207347;-0.372430015;0.211049377;0.583479392
Kctd1;0.000208478;-0.205162011;0.046677705;0.251839717
Arf5;0.000212237;0.46812763;1.500580489;1.032452859
Lockd;0.000214523;0.396452939;0.588474321;0.192021383
Clspn;0.000250615;0.247972299;0.280585528;0.032613229
Runx2;0.000281433;0.384970303;0.615007197;0.230036894
Il12a;0.000288295;-0.271871778;0.089054124;0.360925902
Eef1g;0.000326023;-0.281952083;2.569326392;2.851278475
Napsa;0.000344571;0.503439115;1.250034251;0.746595136
Adgrg3;0.000387162;-0.325112619;0.246460482;0.571573101
Hsp90b1;0.000395496;0.41297778;0.781328971;0.368351192
Gm10263;0.000407985;-0.411731264;1.567239493;1.978970757
Gfpt1;0.000408784;-0.173955693;0.042788153;0.216743846
Rrm2;0.000416731;0.244622464;0.288259874;0.04363741
Snrnp200;0.000423157;-0.280365899;0.153224853;0.433590752
Prdx4;0.000432845;0.209929024;0.209929024;0
Ahnak;0.000448003;0.32943709;0.465006644;0.135569554
Neil3;0.000451933;0.237245696;0.251377692;0.014131996
Anxa6;0.000480401;0.31941287;0.445663826;0.126250956
Ppfia4;0.00049159;0.251430574;0.28099476;0.029564186
Pfn1;0.000506688;0.335656327;3.013302707;2.67764638
Anxa5;0.000582917;0.273918368;0.369276409;0.095358042
Wdr6;0.000587081;-0.222747827;0.084875896;0.307623724
Ppm1m;0.000589377;0.274944031;0.36136255;0.086418519
Hist1h4d;0.000619393;0.245629812;0.291185495;0.045555683
Ankle1;0.000669761;0.179334807;0.179334807;0
Reep5;0.000709946;0.405229639;0.920835387;0.515605749
Cks1b;0.000710841;0.443403868;1.119062779;0.67565891
Cfl1;0.000724848;0.379157237;2.244275687;1.86511845
Pid1;0.000732458;0.265914046;0.282514201;0.016600154
Racgap1;0.000732458;0.218475981;0.230697898;0.012221917
Btg1;0.000748941;0.366044256;0.645416619;0.279372363
Cdv3;0.000804393;-0.38562038;0.526031913;0.911652293
Itgb7;0.000809638;0.375244307;0.716025291;0.340780984
Cyth4;0.000831611;0.291550521;0.466851941;0.175301421
Esco2;0.000831817;0.161050814;0.161050814;0
Ctss;0.000854302;0.321433917;0.45437863;0.132944712
Ppp1r11;0.000871039;0.296447432;0.509154299;0.212706867
Irf5;0.000882888;0.23775482;0.278033219;0.040278398
Asf1b;0.000920611;0.237208742;0.292953608;0.055744866
Sat1;0.000929662;0.285179388;0.357393093;0.072213704
Msn;0.000962147;0.391395659;0.996793341;0.605397681
Gnl3;0.000969995;-0.340065112;0.315445914;0.655511026
Alox5ap;0.000996916;0.437564385;1.252573609;0.815009224
Ctsh;0.001020008;0.342926364;0.525285586;0.182359222
Mphosph8;0.001071609;0.225163249;0.297141032;0.071977783
Hcls1;0.001085302;0.29830157;0.477297255;0.178995685
Spc25;0.001099658;0.190313939;0.202535857;0.012221917
Laptm5;0.001130184;0.419201558;1.332616297;0.913414738
Kif22;0.001145308;0.181179194;0.191868745;0.010689551
Arl6ip5;0.001180746;0.386858256;0.923800797;0.536942541
Npm1;0.001184611;-0.452672688;1.806062646;2.258735334
Anxa2;0.001209579;0.374397281;0.696512568;0.322115286
Rpl22l1;0.001233065;-0.410417936;1.585945449;1.996363385
Incenp;0.001237762;0.271072228;0.389095417;0.118023189
Clic1;0.001244707;0.402844204;1.742371217;1.339527013
Frrs1;0.001279206;0.154956248;0.154956248;0
Akr1a1;0.001286626;0.401023302;0.900548784;0.499525483
Lancl1;0.001289271;-0.136053786;0.031154468;0.167208254
Pebp1;0.001324174;-0.359518447;1.326227571;1.685746017
Smc2;0.0013408;0.294706268;0.444164235;0.149457967
Ly6c2;0.00134519;0.396591171;0.460202756;0.063611585
H2afz;0.001358316;0.38505247;2.368038603;1.982986133
Khk;0.001369858;0.230491043;0.29806471;0.067573667
Cpne3;0.001379428;0.264004301;0.376843404;0.112839102
Marcksl1;0.001403551;-0.339219753;0.37526824;0.714487993
Bfsp2;0.001419226;-0.158404086;0.031520301;0.189924386
Lcp1;0.001429896;0.370223322;0.784504135;0.414280813
H2-Ab1;0.001557143;0.431179368;0.53277706;0.101597692
Ms4a6b;0.001584073;0.159585539;0.159585539;0
Ncapd2;0.001588389;0.205571162;0.253383382;0.04781222
H2-DMa;0.00161746;0.420858088;1.151757733;0.730899645
Fuca2;0.001628238;0.196316245;0.235882211;0.039565965
Prc1;0.001649468;0.306481589;0.394416224;0.087934635
Ttc7;0.001706182;0.197595226;0.257610779;0.060015553
Cdk1;0.001715042;0.222625832;0.265511562;0.04288573
Eif4a1;0.001741903;-0.353592094;1.621310673;1.974902767
Msrb1;0.001765922;0.299695085;0.41863817;0.118943085
Nptn;0.001891575;0.191853547;0.234011667;0.04215812
Fxyd5;0.001949765;0.402585663;1.10701972;0.704434057
4833439L19Rik;0.001959827;-0.167454518;0.069451034;0.236905552
Cd53;0.002039103;0.335292331;0.795010096;0.459717765
Tubb4b;0.002048921;0.346842749;0.588906776;0.242064027
Hexa;0.002080908;0.293102913;0.512661976;0.219559063
Prkca;0.002094338;-0.235419241;0.170890795;0.406310036
Ensa;0.002116283;0.188880052;0.224096318;0.035216266
Eif4g2;0.002130887;-0.396078615;0.781810229;1.177888844
Ifrd2;0.00213356;-0.218704347;0.094925404;0.313629751
Creld2;0.002174801;0.193002641;0.25571223;0.062709589
Letmd1;0.002176738;-0.159808507;0.065860569;0.225669076
Mis18bp1;0.002220396;0.169231962;0.181453879;0.012221917
Mbd3;0.00226149;-0.348043834;0.464805593;0.812849427
Satb1;0.002267433;-0.298598024;0.321187582;0.619785606
Phgdh;0.002339974;-0.325240626;0.405638306;0.730878931
Mbnl1;0.002342446;0.363042666;1.909300862;1.546258196
Gpsm3;0.002352948;0.354639871;0.867942383;0.513302513
Pdcd4;0.00237996;-0.358080007;0.433001427;0.791081434
Sec61g;0.002406695;0.424323976;1.910301249;1.485977272
Tipin;0.002595482;0.245072526;0.382648364;0.137575838
Spns3;0.002681969;-0.245378645;0.240550938;0.485929583
Cux1;0.002716562;-0.345129647;0.577495182;0.922624829
H2-Ob;0.002769517;-0.220013979;0.101271472;0.32128545
Cdkn1b;0.002791663;0.198864582;0.242152891;0.043288309
Trappc1;0.002874195;0.204014331;0.305668641;0.10165431
Wdr12;0.002875121;-0.267375191;0.241440279;0.508815469
Zfp422;0.002878341;-0.371293178;0.73367755;1.104970728
Gsr;0.002988308;0.227507925;0.295728013;0.068220088
Ckb;0.002992252;0.199673566;0.199673566;0
Mxd3;0.002992252;0.135655576;0.135655576;0
Srsf11;0.003015861;-0.371812894;0.725045419;1.096858313
Tmx4;0.003019903;-0.1739704;0.067674502;0.241644902
Rogdi;0.003040711;0.260934915;0.438737496;0.177802581
Cdkn2d;0.00310704;0.202764664;0.292815405;0.09005074
Pcmt1;0.003195054;0.266594139;0.446028837;0.179434698
Sdf2l1;0.003214823;0.349667866;0.729465838;0.379797972
Arpc3;0.003251679;0.375816865;1.346834296;0.971017431
Fam46a;0.003256762;0.206682004;0.262466991;0.055784987
Sdcbp;0.003260674;0.333202009;0.821501785;0.488299776
Ddx27;0.003260999;-0.273412283;0.363618614;0.637030897
Tbl1x;0.003264742;-0.260218365;0.217979749;0.478198114
1190007I07Rik;0.0032736;-0.213335795;0.103999544;0.317335339
Oaz2;0.00332166;-0.260017751;0.186708711;0.446726462
Slc25a4;0.003362766;0.352716768;0.885757644;0.533040875
Prdx2;0.00356695;-0.358901285;0.946573524;1.30547481
Ndufc1;0.003572341;0.311973139;0.767381949;0.45540881
Rexo2;0.00359156;0.363700102;0.876216813;0.512516711
Aurkb;0.003603998;0.181935893;0.241800342;0.059864449
Mrpl33;0.003616589;0.381229828;1.310624843;0.929395015
Inpp4a;0.003692975;0.132482767;0.132482767;0
Gsn;0.00371503;0.269012606;0.391301123;0.122288517
Cwc25;0.003738987;-0.210772078;0.115428569;0.326200647
Gpr171;0.003801162;-0.265138796;0.215310235;0.480449031
Rrbp1;0.00384787;0.319371246;0.973827494;0.654456249
Actg1;0.003889938;0.200236609;2.846194091;2.645957482
Sp100;0.004129639;0.295787049;0.568526382;0.272739333
Psmb7;0.004145103;0.254696087;0.475963607;0.221267521
Tbcb;0.004193421;0.219333067;0.409435779;0.190102712
P2rx4;0.004219133;-0.264530445;0.246935725;0.511466169
Gabarap;0.004251342;0.327152525;0.901879363;0.574726839
Pold4;0.004267534;0.268616289;0.505259141;0.236642852
Tyms;0.004306036;0.210715049;0.283357784;0.072642735
Prdx5;0.004425428;0.35717017;0.854001682;0.496831512
Pkib;0.004454489;0.251605098;0.413947478;0.16234238
Lnp;0.004554525;0.129739596;0.129739596;0
Hmmr;0.00465754;0.15111133;0.1698221;0.01871077
Nudt19;0.004718024;-0.207088739;0.133582573;0.340671313
Spc24;0.004745317;0.259491531;0.390555723;0.131064191
Cyhr1;0.004791113;0.152303358;0.180989641;0.028686283
Kctd12;0.004793452;0.204630607;0.295025437;0.090394829
Klrb1f;0.005020237;0.220134228;0.359282667;0.139148439
Wbp1l;0.005056381;0.226843979;0.332101948;0.105257969
Arl4c;0.005183293;0.172750883;0.20234897;0.029598087
Med8;0.00519348;0.144749778;0.180706969;0.035957192
Hck;0.005237736;0.177919809;0.197180324;0.019260515
Dek;0.005334025;0.362359597;1.34458622;0.982226623
Anxa1;0.005393965;0.163011702;0.17852933;0.015517628
Tmem51;0.005500442;0.185519062;0.207234846;0.021715783
Ube2s;0.005566512;0.394330745;1.183651458;0.789320713
Myadm;0.005613368;0.136696617;0.136696617;0
Fam173b;0.005663718;0.151930062;0.171513222;0.01958316
Vsir;0.00569221;0.186630643;0.225861405;0.039230762
Epsti1;0.005916179;0.178766442;0.25148245;0.072716007
Ap1m1;0.005923196;0.166712184;0.217991644;0.05127946
Cdc42;0.006038928;0.330805708;1.352420539;1.021614831
Ifi27l2a;0.00610767;0.288097068;0.536853401;0.248756333
Tespa1;0.006177231;-0.147110229;0.074427906;0.221538135
Ctsb;0.006412318;0.214907659;0.417859836;0.202952177
Cox6a1;0.006439918;0.351775572;1.257368083;0.90559251
Anks1;0.006566907;-0.15280305;0.036896315;0.189699365
Fbxw4;0.006616649;-0.253322593;0.214234699;0.467557292
Toporsos;0.006824917;0.177060418;0.28514606;0.108085643
Kif23;0.00685813;0.150622254;0.1934654;0.042843147
Lamp1;0.006866703;0.228446226;0.414060401;0.185614176
Cd2ap;0.006882115;0.156382696;0.176133496;0.019750801
Rassf4;0.006885272;0.23891979;0.386563692;0.147643903
Pyhin1;0.006918655;0.151666854;0.195868623;0.04420177
Ass1;0.006931902;0.190047914;0.265967288;0.075919374
Tap2;0.006955364;-0.258324862;0.227038387;0.48536325
Nans;0.007001777;0.183228675;0.273671176;0.090442501
Cd47;0.007022424;-0.278507964;1.67134982;1.949857784
Myl6;0.007196914;0.341933927;2.152404189;1.810470263
Atp6v0b;0.007284965;0.328628824;0.964906923;0.636278099
Rad21;0.007294267;0.205959494;0.33048583;0.124526336
Cytip;0.00743521;0.167247736;0.193495494;0.026247758
H2-DMb1;0.007468981;0.223238726;0.339771604;0.116532878
Mycn;0.007482135;-0.175239782;0.060012923;0.235252705
Cntrl;0.007495887;0.23446012;0.409522374;0.175062254
Nusap1;0.007551348;0.186820689;0.265373937;0.078553248
mt-Nd2;0.0076665;0.273687988;0.598486543;0.324798555
Sdhaf2;0.007717616;0.150619693;0.18682941;0.036209717
Uhrf1;0.007737379;0.201319605;0.325948091;0.124628486
Mndal;0.00774358;0.250587219;0.469644777;0.219057558
Actr3;0.00777582;0.381115463;1.272190811;0.891075348
Lyn;0.007791346;0.192096555;0.340110171;0.148013616
Plp2;0.007807885;0.220963705;0.389685049;0.168721344
Rad51ap1;0.007923679;0.151270027;0.195231506;0.043961479
St8sia4;0.007947125;0.19283102;0.314624213;0.121793193
Evl;0.007970942;0.189209816;0.277589569;0.088379753
Ppp1r2;0.007970942;0.164446676;0.245508095;0.081061419
Nup153;0.008063778;0.152962427;0.197259083;0.044296656
Minos1;0.008154784;0.356360948;1.306656571;0.950295623
Pak1;0.008171115;0.269176972;0.474543654;0.205366682
Lyz2;0.008209867;0.362010817;0.446368469;0.084357652
Trim30a;0.008329138;0.207988264;0.355748721;0.147760457
Pigyl;0.008381058;0.169612654;0.233831202;0.064218548
Fen1;0.008422303;0.193569588;0.328665118;0.13509553
Fam105a;0.008495427;0.243505145;0.408588828;0.165083682
Arhgdia;0.008507766;0.307401864;0.811029973;0.503628109
Notch1;0.008594971;-0.20143069;0.124753243;0.326183933
Ly86;0.008733107;0.277465939;0.630056798;0.352590859
Smdt1;0.008744683;0.315860088;1.526275302;1.210415214
Ccdc115;0.008852171;0.203254583;0.332410336;0.129155752
Ube2c;0.009121098;0.278835629;0.429447772;0.150612143
Rbck1;0.009254256;-0.255949495;0.284877362;0.540826857
Dcaf12;0.00945399;0.185147603;0.275392989;0.090245385
Cdkn2c;0.009488253;0.167526629;0.232398223;0.064871593
Tpm3;0.009566915;0.352846606;1.402309289;1.049462683
Clec12a;0.009584849;0.249931467;0.393092785;0.143161318
Smc4;0.009692125;0.238094472;0.453695038;0.215600567
Uba5;0.009725736;0.151071618;0.19381656;0.042744942
Mis18a;0.009769789;0.196811513;0.336174111;0.139362598
Cenph;0.009772413;0.160407607;0.225193949;0.064786342
Cenpw;0.009868259;0.176421693;0.302510027;0.126088334
Tln1;0.009927386;0.344873055;1.440417482;1.095544426
Tomm20;0.009931774;-0.322676514;0.939992835;1.26266935
5031439G07Rik;0.010040597;0.152801609;0.213375332;0.060573723
Tmco1;0.010123407;0.257037682;0.583287241;0.326249559
Hprt;0.010126595;0.226597125;0.419657835;0.19306071
Taok1;0.010143301;0.172051132;0.225762071;0.053710939
Npm3;0.010143813;-0.3007937;0.692492081;0.993285781
H1f0;0.010226163;0.189453807;0.249154352;0.059700545
Ier5;0.010337599;0.161012205;0.182727988;0.021715783
Pdia6;0.010383073;0.29297188;0.776831613;0.483859732
Cd52;0.010393813;0.357461461;2.018332156;1.660870695
Rtf1;0.010450445;-0.316593336;1.065509641;1.382102976
Ifngr2;0.010623275;0.199653578;0.348556542;0.148902965
Ttc3;0.010695297;-0.20290926;0.201614051;0.40452331
H2afv;0.010730905;0.326751411;1.497778148;1.171026737
Tns3;0.010799674;0.179440818;0.280628646;0.101187827
2510002D24Rik;0.01109468;-0.262410636;0.226775524;0.48918616
Scp2;0.011540783;0.272391553;0.732151866;0.459760313
Uxt;0.011636406;0.142296356;0.197412545;0.055116189
Klf6;0.011719319;0.138509039;0.174800228;0.036291188
Immt;0.011758567;0.195863186;0.372445247;0.176582061
Hmgb3;0.012031449;-0.194200132;0.174271257;0.368471389
Tcf19;0.012063932;0.129295624;0.14342762;0.014131996
Ccnd3;0.01223578;0.252716289;0.505064413;0.252348124
Tm2d2;0.01231654;0.193033187;0.379624733;0.186591546
Hist1h1e;0.012364219;0.297383451;0.601403469;0.304020018
Xpc;0.012449058;-0.241256722;0.188771795;0.430028517
Mxd4;0.012584703;-0.258006408;0.238979745;0.496986153
Hist1h4i;0.012922537;0.189807095;0.31046377;0.120656675
Stip1;0.013070726;-0.235632799;0.293256885;0.528889684
Ubtf;0.013354069;-0.274976349;0.515822014;0.790798363
Txndc9;0.013523658;0.166460178;0.297260946;0.130800768
Mgat5;0.013528911;-0.146698672;0.071587193;0.218285865
Serf1;0.013528911;-0.159728155;0.08063023;0.240358385
Dnajc9;0.013543198;0.26580781;0.631481487;0.365673677
Strbp;0.013560792;-0.232125891;0.260419094;0.492544985
Rap1b;0.013581469;0.251618374;0.547157971;0.295539597
Trabd;0.013711761;0.161258887;0.228546684;0.067287798
Rchy1;0.01375976;0.203544167;0.407543473;0.203999306
Pitpna;0.013786841;0.26808394;0.781992281;0.513908341
1110008F13Rik;0.013853047;-0.314938125;0.748666577;1.063604702
Anapc15;0.013941763;0.171075992;0.30584895;0.134772957
Rp9;0.014211026;-0.268122008;0.540903323;0.809025331
Trf;0.014289049;0.16565389;0.259668632;0.094014742
Scd2;0.014327872;-0.208853506;0.232695638;0.441549145
1110038F14Rik;0.014467043;-0.232043131;0.19634941;0.428392541
Pycard;0.014586562;0.342063736;1.110079937;0.768016201
Adrbk2;0.014599621;0.137730155;0.178684041;0.040953886
Pbk;0.014635074;0.139206759;0.183624855;0.044418096
Med30;0.014672298;0.184721696;0.347728137;0.163006441
Cdk13;0.014832704;-0.156871686;0.095991247;0.252862933
Vamp5;0.014905817;0.14847966;0.159169212;0.010689551
Thap11;0.014939254;0.144734281;0.205418823;0.060684542
Ifitm3;0.015038774;0.265764595;0.440609627;0.174845032
Gm12216;0.01504766;-0.151732136;0.07918789;0.230920026
Ubl4a;0.015182597;0.165799338;0.277463527;0.11166419
Zfp36l2;0.015268154;-0.297229506;0.727069565;1.024299071
Atg4b;0.015338591;0.122948371;0.135170289;0.012221917
Txnl1;0.015389366;0.180931615;0.301371795;0.12044018
Fam96a;0.015550312;0.293332619;0.929779526;0.636446907
Nucks1;0.015670314;0.298545614;1.090544167;0.791998552
Spin1;0.015706943;-0.171452793;0.105676359;0.277129152
Esyt1;0.016447974;0.166460757;0.267490134;0.101029377
Lst1;0.016510959;0.252605833;0.570545327;0.317939494
Pnp;0.016536087;0.177047802;0.299915524;0.122867722
Rab5a;0.016933142;0.153110663;0.20919688;0.056086217
Naa20;0.017011563;0.140016461;0.195787377;0.055770916
Aak1;0.017068218;0.170985515;0.225869679;0.054884164
Kdm5b;0.017596015;-0.225332346;0.224976067;0.450308413
Atg3;0.017606161;0.159848736;0.250177322;0.090328587
Mpc1;0.017690331;0.237507846;0.578668832;0.341160986
Cenpa;0.017795205;0.280873828;0.520773433;0.239899605
Gng2;0.017895659;0.225997728;0.479113343;0.253115615
Il16;0.01790927;-0.18104631;0.150495952;0.331542261
Tmed3;0.018372506;0.273594425;0.852534745;0.57894032
Ncdn;0.018491249;-0.137685254;0.038524138;0.176209392
Commd6;0.018701363;0.165853057;0.327725437;0.161872381
Ppil1;0.019013889;0.179247807;0.309011026;0.129763219
Cd63;0.019383456;0.180635623;0.221828061;0.041192438
Rcsd1;0.019474637;0.205686997;0.421603228;0.215916232
Kctd5;0.019548722;-0.149527544;0.088793917;0.238321461
Marcks;0.019712972;0.151991999;0.236228865;0.084236866
Dapp1;0.019752193;-0.259017896;0.459545088;0.718562983
Gm26735;0.019935006;-0.152764862;0.081304236;0.234069097
Gtf3a;0.01997844;-0.261801996;0.459740846;0.721542842
Aurka;0.020049211;0.144208739;0.184547914;0.040339175
Alyref;0.020130031;0.180477762;0.357959342;0.17748158
Map3k4;0.020375762;-0.171744182;0.149600193;0.321344376
Zfp329;0.020414377;-0.167857818;0.096263268;0.264121086
Hmgn5;0.020527456;0.198035165;0.395600663;0.197565497
Mir142hg;0.020609732;-0.146272436;0.077911334;0.22418377
Flna;0.020611137;0.198773075;0.445024946;0.246251872
Mospd3;0.020713524;0.153457362;0.262632303;0.10917494
Oser1;0.021043263;0.150724605;0.232593784;0.08186918
Ppib;0.021097201;0.278465806;1.158341077;0.879875271
Snx3;0.021176621;0.271323836;0.816864327;0.54554049
Irf2bp2;0.021443399;-0.266760956;0.55874667;0.825507626
Glud1;0.021471439;0.185732107;0.374084188;0.188352081
Kif1bp;0.021515137;-0.129324827;0.048613914;0.177938741
Hn1;0.021734487;0.271615494;1.187845621;0.916230126
Mrps18a;0.022183558;0.167921139;0.316175682;0.148254542
Cdc20;0.022329358;0.157479456;0.239054723;0.081575268
Hpcal1;0.022442243;0.138111079;0.232554383;0.094443304
Paip2;0.022939014;-0.286013045;0.642069481;0.928082526
Slc25a12;0.023106656;-0.155417044;0.092711509;0.248128553
Ttc1;0.023388558;-0.219683689;0.26386307;0.48354676
Smim14;0.023906934;-0.281585535;0.762409806;1.043995342
Cox6a2;0.024005821;-0.158374212;0.079010448;0.23738466
Atp6v0e;0.024182485;0.261728578;1.311612937;1.049884359
Ssr3;0.024320684;-0.230706778;0.30384343;0.534550208
Fam50a;0.024468081;0.145701393;0.188363662;0.042662269
Timm10b;0.024820109;0.230943347;0.616584318;0.385640972
Tmem29;0.024900547;0.12287379;0.158630163;0.035756373
Cdkn1a;0.02492221;-0.218762807;0.269652592;0.4884154
Rgs10;0.025779939;0.21616729;0.434630862;0.218463572
Mknk2;0.025894303;-0.17845276;0.107708265;0.286161025
Gtpbp2;0.025894608;0.165932491;0.323097538;0.157165047
Rilpl2;0.025961555;-0.238610728;0.215947858;0.454558586
Lman1;0.026000176;-0.186753487;0.159117864;0.345871351
Zcchc6;0.026048621;0.175233613;0.318192956;0.142959344
1700025G04Rik;0.026048621;0.165899125;0.298717509;0.132818384
Siglecg;0.026050891;0.192773207;0.363320117;0.17054691
Ift52;0.026097111;-0.139185011;0.088346332;0.227531344
Tbl1xr1;0.026324587;0.187403206;0.38078848;0.193385274
Actb;0.027044988;0.338884098;3.784095856;3.445211758
Ahsa1;0.027066863;0.203023962;0.484525889;0.281501927
Atp6v1e1;0.027224748;0.221609498;0.513754166;0.292144669
Cd24a;0.027844046;-0.258175033;0.428145713;0.686320746
Chd4;0.027849428;-0.233871508;1.026691627;1.260563135
Plaa;0.028213428;-0.151569857;0.063692173;0.21526203
Ppif;0.028395605;-0.172511324;0.147778879;0.320290203
Bola1;0.028537303;-0.197359587;0.254804352;0.452163939
Atp6v1b2;0.028562844;0.160018737;0.28982204;0.129803303
Gspt1;0.028716254;-0.234776265;0.470795591;0.705571856
Thumpd1;0.028745417;-0.177599234;0.192973671;0.370572905
Rabgap1l;0.028780051;-0.228913811;0.292513;0.521426811
Fam60a;0.029005882;-0.193475938;0.252193377;0.445669315
Rictor;0.029136288;-0.138985768;0.090508383;0.229494152
Iqgap1;0.029154656;0.245779541;0.782949283;0.537169742
Ncf2;0.029201627;0.125681511;0.179005354;0.053323843
Tomm5;0.02924718;-0.253594688;0.649684216;0.903278903
Chchd4;0.029675242;-0.177837176;0.198924866;0.376762041
Mfsd10;0.030015999;0.159818409;0.309218114;0.149399705
Cotl1;0.03024445;0.281094426;1.049955136;0.76886071
Dpysl2;0.030353869;0.189225995;0.3323541;0.143128105
Pgam1;0.03061295;0.27035195;0.858297069;0.587945119
Cyb5a;0.03180835;0.221255056;0.61597948;0.394724424
Smc6;0.032048417;0.201383855;0.469838052;0.268454197
Polr1c;0.032084596;-0.182975234;0.169311553;0.352286787
Vcp;0.032340262;-0.261088727;0.716679829;0.977768556
Nup210;0.032579209;0.194686842;0.472613086;0.277926244
Hnrnpa1;0.032824789;-0.247721919;1.466138211;1.713860129
Ccdc12;0.033228564;0.264171808;1.115585622;0.851413814
Tcerg1;0.033288927;0.161421437;0.303035273;0.141613835
Rbbp6;0.033627479;-0.218281112;0.328870526;0.547151639
Atxn7l3b;0.033780285;-0.260564347;0.815368178;1.075932524
Rabepk;0.033784769;-0.140746508;0.095910758;0.236657267
Rps27;0.03382135;-0.248814534;0.668321953;0.917136487
Bin1;0.033826404;0.196490472;0.442550698;0.246060226
Znrd1;0.033832958;0.16299031;0.359284387;0.196294077
Snrnp25;0.034366255;0.172125014;0.415857959;0.243732945
Ubc;0.034543067;0.243001791;1.001253074;0.758251283
H2-Q4;0.03461827;-0.138739011;0.096473169;0.23521218
Coil;0.034636314;-0.126377251;0.062995675;0.189372926
Phf21a;0.035719718;-0.154408175;0.109714917;0.264123092
Pkm;0.036119283;0.232365701;0.934494651;0.70212895
Sema4d;0.036218246;0.182572348;0.459199674;0.276627327
Sys1;0.036240835;0.19533251;0.518891008;0.323558498
Lsm6;0.036557024;0.242670487;0.869497669;0.626827181
Mef2d;0.036962875;-0.15972421;0.146701207;0.306425417
Lrrc58;0.037569326;0.261303482;1.192537128;0.931233646
Mpeg1;0.038856947;0.162406436;0.263583231;0.101176795
Skap2;0.03930209;0.210460049;0.579794997;0.369334948
Rinl;0.039662479;0.165463305;0.303944493;0.138481188
Psmc6;0.039711433;-0.204849163;0.235447199;0.440296362
Sigmar1;0.040090632;0.142889857;0.239642737;0.09675288
Bmyc;0.040225471;0.198093247;0.536530078;0.338436831
Tns1;0.04026125;-0.151177396;0.086884545;0.238061941
Itgb2;0.041034757;0.143396304;0.23571134;0.092315036
Cenpf;0.041385998;0.178568344;0.32121769;0.142649346
Taf15;0.04164016;0.152679161;0.261962147;0.109282986
Dstn;0.04186639;0.157775037;0.28776018;0.129985143
Tep1;0.042056376;0.162129602;0.241746145;0.079616542
Tuba1b;0.042144404;0.336069077;1.404140149;1.068071072
Wbp5;0.043099269;0.175542182;0.384440484;0.208898302
Sharpin;0.043232819;-0.145639735;0.080316299;0.225956034
H2-Oa;0.044028519;0.128925461;0.191434868;0.062509408
Arhgef18;0.044430433;-0.14977826;0.104619699;0.254397959
Samhd1;0.044843344;0.189383822;0.419754504;0.230370682
Nme1;0.044871112;-0.247239159;0.918017625;1.165256785
Ppwd1;0.045368753;0.130811844;0.20365833;0.072846486
Heatr6;0.046063133;-0.142811226;0.106309446;0.249120673
Myl12b;0.046377798;0.212582114;0.671931216;0.459349102
Fam117a;0.046483262;-0.188157531;0.209246429;0.397403959
Manf;0.046698208;0.221629102;0.748465753;0.52683665
Parp1;0.047459543;-0.250675258;0.652347955;0.903023213
Tspan4;0.047630433;-0.162830108;0.139858044;0.302688152
Apoe;0.048105924;0.187457714;0.224351878;0.036894165
Fut7;0.048328536;0.157793118;0.330195979;0.172402861
Cd93;0.04939312;-0.176911569;0.234197083;0.411108653
Kdm6b;0.04955951;-0.144846836;0.095049217;0.239896053
Ncbp3;0.049788122;-0.175015591;0.211731074;0.386746666
Bpifc;0.049816052;-0.12226384;0.076572251;0.198836091
Glipr1;0.050546593;0.212146091;0.636098093;0.423952002
Pld1;0.050931152;0.162009565;0.299404893;0.137395329
Cdca8;0.051058441;0.208995406;0.508392742;0.299397336
Sept11;0.051182198;0.185027763;0.456965182;0.271937419
Myl12a;0.051832845;0.2239888;0.825785977;0.601797176
Terf2;0.051950426;-0.116747144;0.065410322;0.182157466
Hes6;0.052111798;0.246725361;0.784362737;0.537637377
Tmem57;0.052521355;-0.161700028;0.136557751;0.298257779
Car2;0.052589406;-0.153448194;0.1406996;0.294147794
Nop56;0.052793908;-0.248551951;0.564070937;0.812622888
Luc7l;0.052828626;-0.20343626;0.295092685;0.498528945
Arpc1a;0.054846297;0.186507072;0.540299269;0.353792196
Atad2;0.055388874;0.157480842;0.343001032;0.18552019
Vdac1;0.055878603;-0.216932528;0.587042221;0.803974749
Anp32e;0.055894473;0.209268758;0.669146518;0.459877759
Gng12;0.056611345;-0.185862348;0.346408933;0.532271281
Nfkb1;0.056707402;0.299638598;1.310954277;1.011315679
Jun;0.057470179;0.186647443;0.456906629;0.270259186
Cd37;0.057602648;0.218592552;0.665235998;0.446643446
Zmynd8;0.058283372;0.156669367;0.30290222;0.146232853
Tsen34;0.058283372;0.153311062;0.300191309;0.146880247
Rab8b;0.058806846;0.148875456;0.313966022;0.165090567
Chmp2a;0.058894542;0.187981306;0.534131409;0.346150102
Lbh;0.058894588;0.190441128;0.548147648;0.35770652
2410004B18Rik;0.059122174;-0.139475453;0.100248064;0.239723517
Pou2f2;0.060284207;-0.242294343;0.472920896;0.715215239
Utp3;0.061922039;0.161868875;0.383926285;0.22205741
Ostf1;0.063254601;0.225981491;0.834075885;0.608094393
Hist1h1c;0.06386158;0.122788109;0.223111682;0.100323573
Sf3b4;0.064206425;-0.165696378;0.204463865;0.370160244
Hmgn3;0.065352418;0.097574096;0.148588161;0.051014065
Krit1;0.066564488;0.199250681;0.591290183;0.392039502
Mcpt8;0.067493843;-0.024190587;0.200740011;0.224930598
Mrps16;0.067681291;0.186019046;0.560744799;0.374725754
Mrps34;0.068051933;0.159167936;0.3571373;0.197969364
Mafg;0.068541224;-0.154231083;0.158487207;0.312718289
Uck1;0.068644507;-0.14991664;0.127367779;0.277284419
Lsm12;0.068667646;-0.196653552;0.35712061;0.553774162
Sept9;0.068941289;0.147083501;0.309613757;0.162530256
Atg101;0.069619408;-0.170342791;0.228364723;0.398707514
Psmd12;0.06980241;-0.162325623;0.21661342;0.378939043
Grb2;0.069900015;-0.211231131;0.568219169;0.7794503
BC029214;0.069929168;-0.131837638;0.102608506;0.234446144
Tor1aip1;0.070107568;0.163536373;0.429128912;0.265592539
Arl6ip1;0.07083493;0.257202211;1.174931141;0.91772893
Eif2s2;0.071714804;-0.224800594;0.721976751;0.946777345
Limd2;0.071839728;0.258548333;1.12752641;0.868978076
Rhoa;0.076215274;0.200200905;1.099730922;0.899530017
Rbm10;0.076611226;-0.157590827;0.128425724;0.28601655
Iscu;0.076909868;0.17389724;0.487156915;0.313259675
Nedd4;0.077765138;0.154904332;0.339757945;0.184853613
9930111J21Rik2;0.077993507;0.149372589;0.262570043;0.113197454
Junb;0.078335881;0.123985796;0.2369087;0.112922904
Ifitm1;0.078731809;0.145353558;0.21865156;0.073298002
Rhog;0.081940832;0.154335087;0.378124087;0.223789
Anapc11;0.082321714;0.194076676;0.679725287;0.485648611
Utp11l;0.082474842;-0.186870397;0.345197674;0.532068071
Epc1;0.082976685;0.118659757;0.219770263;0.101110506
Tsc22d1;0.084734441;-0.192652451;0.335176095;0.527828545
Rab8a;0.085174548;0.160658358;0.362016629;0.201358271
Fabp5;0.085492306;-0.209591757;0.513257281;0.722849038
Ptbp1;0.086605467;-0.173198259;0.305596756;0.478795015
Foxo3;0.090155464;-0.127551581;0.075169406;0.202720987
Dtnbp1;0.094019072;-0.209990045;0.279146992;0.489137037
Cd164;0.094783429;0.155356781;0.35544201;0.200085229
Nelfb;0.095202604;-0.165486341;0.232573884;0.398060224
Elf1;0.096415611;-0.204966425;0.564626799;0.769593225
Tmpo;0.098130876;0.191428943;0.656444303;0.46501536
Fam49b;0.09814994;0.192818402;0.727471094;0.534652692
Rgs2;0.099914436;0.157599321;0.398036113;0.240436792
Ifi35;0.102237979;0.121722833;0.255293592;0.133570758
Rgs18;0.103281615;0.145866088;0.351724229;0.205858141
Itpr1;0.103453503;0.154449344;0.434605888;0.280156544
Hcfc1r1;0.10552137;0.122898233;0.26644643;0.143548197
Atad2b;0.105917264;0.113026798;0.222521354;0.109494556
Sf3a3;0.107039788;-0.149749889;0.187671598;0.337421487
Ankrd10;0.108027123;-0.180450727;0.348283276;0.528734003
Nxt1;0.108362372;-0.17705949;0.300739635;0.477799125
Psma4;0.112051883;0.182840871;0.627804724;0.444963853
Dhx9;0.113214897;-0.163580118;0.243940613;0.40752073
Smco4;0.11551704;-0.139231147;0.167236645;0.306467792
Srp19;0.117853232;-0.170947085;0.327676771;0.498623857
Ddit4;0.118866516;0.206631369;0.531639355;0.325007985
Eif2s1;0.120856707;-0.161933445;0.243096573;0.405030018
H2afx;0.121305455;0.231342374;0.887597931;0.656255557
Rpl27;0.122370316;-0.18984439;0.480787172;0.670631562
Spry2;0.127047322;0.119690855;0.194169087;0.074478232
Ptms;0.129112441;0.108748484;0.198228975;0.08948049
Ssu72;0.129611155;-0.183463658;0.507836728;0.691300386
Tmem229b;0.129727662;-0.165011345;0.243302948;0.408314294
Cnpy2;0.134631757;-0.190478423;0.565750817;0.75622924
Polr3k;0.135350222;-0.145126259;0.177281496;0.322407754
Ddx39;0.138527798;-0.154872205;0.273500854;0.428373059
Ifitm2;0.140759681;0.17183308;0.523853575;0.352020495
Vdac2;0.143587659;-0.171453842;0.54856908;0.720022922
Sec11c;0.144329573;0.18168949;0.746024548;0.564335057
Slpi;0.145236231;0.116055664;0.239101444;0.12304578
Mcm6;0.147686036;-0.171640196;0.376444847;0.548085043
Tmem176a;0.149976479;0.149222761;0.497267895;0.348045133
Rexo1;0.154450165;-0.149612897;0.255129839;0.404742736
Gimap5;0.156668401;0.119562847;0.206461674;0.086898828
Marc2;0.157313976;-0.177772638;0.312247435;0.490020074
Hspa5;0.159647354;0.187068969;0.823424756;0.636355787
Eci2;0.167505161;-0.147707473;0.221579708;0.369287181
Fam65a;0.167991133;-0.122884475;0.105552271;0.228436746
Tmem176b;0.169743813;0.148293015;0.576835427;0.428542412
Uqcrc2;0.171341492;-0.157933591;0.356774171;0.514707762
Nr2c2;0.172890527;-0.126829034;0.152979616;0.279808651
Pycr2;0.175777248;-0.145861595;0.261191646;0.407053241
Crip1;0.186987637;0.19324264;2.386840732;2.193598091
Pyurf;0.192996732;-0.118210193;0.130454111;0.248664304
Ascc1;0.210097524;-0.12539927;0.179916926;0.305316195
Wdr43;0.211066407;-0.155860553;0.344297649;0.500158202
Sfpq;0.211320287;-0.17291981;0.593385552;0.766305362
Tnrc6b;0.227289508;0.135181994;0.343299571;0.208117578
Tcf7;0.250011104;0.13798902;0.451277097;0.313288077
Pin1;0.272152726;-0.142771084;0.339109651;0.481880736
Sh2d5;0.291175881;-0.110023644;0.098943644;0.208967287
Gimap6;0.302191607;0.10645828;0.245470876;0.139012596
Gm9844;0.306123314;0.116759345;0.980065456;0.863306111
Pan3;0.308832291;-0.14957119;0.497087343;0.646658533
Il18r1;0.316827135;0.1237907;0.327775916;0.203985216
Rrp7a;0.320883692;-0.128977932;0.154817009;0.28379494
Smarcc1;0.326045792;-0.156412636;0.544107302;0.700519938
Polr3h;0.353055696;-0.100921923;0.112528733;0.213450656
Ccl5;0.367181523;0.147042601;0.548540436;0.401497835
Ltb;0.408006431;0.124367946;0.253636875;0.129268929
Numa1;0.47409465;-0.108841909;0.222797981;0.33163989
Hp;0.48963746;0.073560841;0.225369547;0.151808706
Ctsg;0.697334805;0.086367145;0.428710425;0.342343279
